"param","descr","units","coalesce(t.eng_units, 'none')"
"ABSP","Absolute Pressure","psia","psia"
"ATMP","Atmospheric Temperature at the Surface","C","F"
"BARO","Barometric Pressure at the Surface","mBars","inHg"
"CHLA","Chlorophyll ","ug/L","ug/L"
"COND","Conductivity of surface water, mS/cm","mS/cm","none"
"DEPTH","Instantaneous depth of instrument below surface","m","ft"
"DEWP","Dew Point Temperature","C","F"
"DO","Dissolved Oxygen Concentration","mg/L","none"
"DOPC","Percent Dissolved  Oxygen Saturation","%","%"
"ELEV","Wave Height (CMN)","m","ft"
"GST","Wind Gust","m/sec","knots"
"PAR","Photosynthetically Active Radiation","mmol/m^2","none"
"PH","Acidity","ph","ph"
"PWL","Observed Primary Gage Water Level","m","ft"
"RAD","Solar Radiation","W/m^2","none"
"RAIN","Rainfall","m","ft"
"RAINDC","Cumulative Rainfall","m","ft"
"RHUM","Relative Humidity at 2m above Surface","%","%"
"SALT","Salinity of water","ppt","none"
"SPCO","Specific Conductance of surface water, mS/cm","mS/cm","none"
"STMP","Soil Temperature","C","F"
"TURB","Turbidity","NTU","NTU"
"VELMC","Water Velocity (Mid Channel)","m/sec","knots"
"VELNS","Water Velocity (Near Shore)","m/sec","knots"
"WD","True Wind direction","deg","deg"
"WDEV","Wind Deviation","deg","deg"
"WSPD","Wind Speed","m/sec","knots"
"WTMP","Temperature of surface water","C","F"
