"l","s","agency","lat","lon"
"HRALBPH","Port of Albany NY (Hydrological)","HRECOS",42.61954,-73.7589
"HRALBPM","Port of Albany NY (Meteorological)","HRECOS",42.61954,-73.7589
"HRBZAKH","Center for the Urban River at Beczak (hydro)","HRECOS",40.936256,-73.904298
"HRBZAKM","Center for the Urban River at Beczak (met)","HRECOS",40.936256,-73.904298
"HRLCK8H","Mohawk River at Lock 8 (Hydrological)","HRECOS",42.828147,-73.990376
"HRLCK8M","Mohawk River at Lock 8 (Meteorological)","HRECOS",42.830139,-73.992523
"HRMARPH","Marist College Pump Station (bottom)","HRECOS",41.720598,-73.938759
"HRMARPHS","Marist College Pump Near Surface","HRECOS",41.720598,-73.938759
"HRNOPTH","Norrie Point NY","HRECOS",41.831611,-73.94209
"HRNOPTM","Norrie Point NY (Meteorological)","HRECOS",41.831611,-73.94209
"HRPMNTH","Piermont Pier NY (Hydrological)","HRECOS",41.0431,-73.896
"HRPMNTM","Piermont Pier NY (Meteorological)","HRECOS",41.831389,-73.942222
"HRPR26H","Pier 26 NY (hydro)","HRECOS",40.721512,-74.015623
"HRPR26M","Pier 26 NY (met)","HRECOS",40.721512,-74.015623
"HRPR84H","Pier 84 Hudson River Park NY (hydro)","HRECOS",40.76464,-74.0032
"HRPR84M","Pier 84 Hudson River Park NY (met)","HRECOS",40.76464,-74.0032
"HRPVSC","Passaic River at PVSC","HRECOS",40.713235,-74.123085
"HRREXBR","Mohawk River at Rexford Bridge","HRECOS",42.851132,-73.88718
"HRSCHDH","Schodack Island NY","HRECOS",42.4996,-73.7768
"HRSCHDM","Schodack Island NY (Meteorological)","HRECOS",42.4996,-73.7768
"HRTVBM","Tivoli Bays, NY (Meteorological)","HRECOS",42.018056,-73.916944
"HRTVBNH","Tivoli Bays North, NY (Hydrological)","HRECOS",42.032778,-73.922222
"HRTVBSH","Tivoli Bays South NY","HRECOS",42.026944,-73.925833
"HRUTICA","Mohawk River at Ilion NY","HRECOS",43.019765,-75.028467
"HRWSTPTH","West Point NY","HRECOS",41.386074,-73.954995
"STCPBY1","Castle Point Buoy NJ","SIT",40.742925,-74.023694
"STCPPB","Castle Point Pier (bottom)","SIT",40.742237,-74.02421
"STGWBR4","George Washington Bridge NJ","SIT",40.852051,-73.959297
